,0,1,2,3,4,5,6,7,8,Diagnosis
0,5.0,1.0,1.0,1.0,2.0,1.0,3.0,1.0,1.0,0.0
1,4.0,1.0,1.0,1.0,2.0,1.0,2.0,1.0,1.0,0.0
2,3.0,1.0,1.0,1.0,2.0,1.0,1.0,1.0,1.0,0.0
3,4.0,1.0,2.0,1.0,2.0,1.0,2.0,1.0,1.0,0.0
4,3.0,1.0,1.0,1.0,2.0,1.0,1.0,1.0,1.0,0.0
5,2.0,1.0,1.0,1.0,2.0,1.0,1.0,1.0,1.0,0.0
6,1.0,1.0,1.0,1.0,2.0,5.0,1.0,1.0,1.0,0.0
7,2.0,1.0,1.0,1.0,2.0,1.0,2.0,1.0,1.0,0.0
8,1.0,1.0,1.0,1.0,3.0,2.0,2.0,1.0,1.0,0.0
9,3.0,1.0,1.0,3.0,8.0,1.0,5.0,8.0,1.0,0.0
10,1.0,1.0,1.0,1.0,1.0,1.0,3.0,1.0,1.0,0.0
11,4.0,1.0,1.0,1.0,2.0,3.0,1.0,1.0,1.0,0.0
12,1.0,1.0,1.0,1.0,2.0,1.0,1.0,1.0,1.0,0.0
13,1.0,1.0,1.0,1.0,2.0,1.0,3.0,1.0,1.0,0.0
14,4.0,1.0,1.0,1.0,3.0,1.0,2.0,2.0,1.0,0.0
15,1.0,1.0,1.0,1.0,2.0,1.0,3.0,1.0,1.0,0.0
16,1.0,1.0,1.0,1.0,2.0,1.0,2.0,1.0,1.0,0.0
17,5.0,1.0,1.0,1.0,2.0,1.0,2.0,1.0,1.0,0.0
18,5.0,1.0,2.0,1.0,2.0,1.0,3.0,1.0,1.0,0.0
19,1.0,1.0,1.0,1.0,2.0,1.0,2.0,1.0,1.0,0.0
20,3.0,1.0,1.0,1.0,2.0,1.0,2.0,1.0,1.0,0.0
21,4.0,1.0,1.0,1.0,2.0,3.0,2.0,1.0,1.0,0.0
22,3.0,1.0,2.0,1.0,2.0,1.0,3.0,1.0,1.0,0.0
23,4.0,1.0,1.0,1.0,2.0,1.0,3.0,2.0,1.0,0.0
24,5.0,1.0,1.0,1.0,2.0,2.0,3.0,3.0,1.0,0.0
25,3.0,1.0,1.0,1.0,3.0,1.0,2.0,1.0,1.0,0.0
26,3.0,1.0,1.0,1.0,2.0,1.0,2.0,2.0,1.0,0.0
27,2.0,1.0,1.0,1.0,2.0,1.0,3.0,1.0,1.0,0.0
28,3.0,1.0,1.0,1.0,2.0,1.0,3.0,1.0,1.0,0.0
29,4.0,1.0,1.0,1.0,2.0,1.0,3.0,1.0,1.0,0.0
30,8.0,4.0,4.0,5.0,4.0,7.0,7.0,8.0,2.0,0.0
31,5.0,1.0,1.0,4.0,2.0,1.0,3.0,1.0,1.0,0.0
32,1.0,1.0,1.0,1.0,2.0,1.0,1.0,1.0,1.0,0.0
33,3.0,1.0,1.0,1.0,2.0,1.0,2.0,1.0,1.0,0.0
34,1.0,1.0,1.0,1.0,2.0,1.0,3.0,1.0,1.0,0.0
35,5.0,1.0,1.0,1.0,2.0,1.0,3.0,1.0,1.0,0.0
36,1.0,1.0,1.0,1.0,2.0,1.0,3.0,1.0,1.0,0.0
37,1.0,1.0,1.0,1.0,1.0,1.0,3.0,1.0,1.0,0.0
38,1.0,1.0,1.0,1.0,1.0,1.0,3.0,1.0,1.0,0.0
39,3.0,1.0,1.0,1.0,2.0,1.0,2.0,1.0,1.0,0.0
40,1.0,1.0,1.0,2.0,1.0,3.0,1.0,1.0,7.0,0.0
41,4.0,1.0,1.0,1.0,2.0,1.0,3.0,2.0,1.0,0.0
42,1.0,2.0,2.0,1.0,2.0,1.0,2.0,1.0,1.0,0.0
43,8.0,3.0,3.0,1.0,2.0,2.0,3.0,2.0,1.0,0.0
44,1.0,1.0,1.0,1.0,4.0,3.0,1.0,1.0,1.0,0.0
45,3.0,2.0,1.0,1.0,2.0,2.0,3.0,1.0,1.0,0.0
46,1.0,1.0,2.0,2.0,2.0,1.0,3.0,1.0,1.0,0.0
47,4.0,2.0,1.0,1.0,2.0,2.0,3.0,1.0,1.0,0.0
48,1.0,1.0,1.0,1.0,2.0,1.0,2.0,1.0,1.0,0.0
49,3.0,1.0,1.0,1.0,2.0,1.0,3.0,1.0,1.0,0.0
50,1.0,1.0,1.0,1.0,10.0,1.0,1.0,1.0,1.0,0.0
51,5.0,1.0,3.0,1.0,2.0,1.0,2.0,1.0,1.0,0.0
52,3.0,1.0,1.0,1.0,2.0,1.0,3.0,1.0,1.0,0.0
53,1.0,1.0,1.0,1.0,2.0,1.0,3.0,1.0,1.0,0.0
54,5.0,1.0,1.0,1.0,2.0,1.0,3.0,1.0,1.0,0.0
55,5.0,1.0,1.0,1.0,2.0,1.0,3.0,1.0,1.0,0.0
56,6.0,1.0,3.0,2.0,2.0,1.0,1.0,1.0,1.0,0.0
57,4.0,1.0,1.0,1.0,2.0,1.0,3.0,1.0,1.0,0.0
58,4.0,1.0,1.0,1.0,2.0,1.0,1.0,1.0,1.0,0.0
59,3.0,1.0,1.0,1.0,2.0,1.0,2.0,1.0,1.0,0.0
60,2.0,1.0,1.0,1.0,2.0,1.0,2.0,1.0,1.0,0.0
61,4.0,1.0,1.0,1.0,3.0,1.0,1.0,1.0,1.0,0.0
62,1.0,1.0,1.0,1.0,3.0,1.0,1.0,1.0,1.0,0.0
63,3.0,1.0,2.0,2.0,2.0,1.0,1.0,1.0,1.0,0.0
64,1.0,1.0,1.0,1.0,1.0,1.0,2.0,1.0,1.0,0.0
65,1.0,1.0,1.0,1.0,1.0,1.0,1.0,1.0,1.0,0.0
66,3.0,1.0,1.0,1.0,1.0,1.0,2.0,1.0,1.0,0.0
67,4.0,1.0,1.0,1.0,1.0,1.0,2.0,1.0,1.0,0.0
68,3.0,1.0,1.0,1.0,2.0,1.0,2.0,1.0,1.0,0.0
69,4.0,4.0,2.0,1.0,2.0,5.0,2.0,1.0,2.0,0.0
70,2.0,1.0,3.0,2.0,2.0,1.0,2.0,1.0,1.0,0.0
71,3.0,2.0,2.0,2.0,2.0,1.0,4.0,2.0,1.0,0.0
72,1.0,1.0,1.0,1.0,2.0,1.0,3.0,1.0,1.0,0.0
73,3.0,1.0,1.0,1.0,2.0,1.0,2.0,1.0,1.0,0.0
74,3.0,1.0,1.0,1.0,1.0,1.0,1.0,1.0,1.0,0.0
75,2.0,1.0,1.0,1.0,1.0,1.0,1.0,1.0,1.0,0.0
76,5.0,1.0,1.0,1.0,2.0,1.0,2.0,1.0,1.0,0.0
77,4.0,1.0,1.0,1.0,2.0,1.0,2.0,1.0,1.0,0.0
78,5.0,1.0,1.0,1.0,2.0,1.0,3.0,1.0,1.0,0.0
79,5.0,3.0,1.0,1.0,2.0,1.0,1.0,1.0,1.0,0.0
80,1.0,1.0,3.0,2.0,2.0,1.0,3.0,1.0,1.0,0.0
81,1.0,1.0,1.0,1.0,2.0,1.0,3.0,1.0,1.0,0.0
82,4.0,2.0,2.0,1.0,2.0,1.0,2.0,1.0,1.0,0.0
83,3.0,1.0,1.0,2.0,2.0,1.0,1.0,1.0,1.0,0.0
84,5.0,1.0,1.0,1.0,2.0,1.0,2.0,1.0,1.0,0.0
85,2.0,1.0,1.0,1.0,2.0,1.0,2.0,1.0,1.0,0.0
86,5.0,1.0,1.0,3.0,2.0,1.0,1.0,1.0,1.0,0.0
87,1.0,1.0,1.0,1.0,2.0,1.0,2.0,1.0,1.0,0.0
88,1.0,1.0,1.0,1.0,2.0,1.0,3.0,1.0,1.0,0.0
89,5.0,1.0,2.0,1.0,2.0,1.0,2.0,1.0,1.0,0.0
90,5.0,1.0,3.0,1.0,2.0,1.0,3.0,1.0,1.0,0.0
91,4.0,1.0,1.0,2.0,2.0,1.0,1.0,1.0,1.0,0.0
92,4.0,1.0,1.0,1.0,2.0,1.0,2.0,1.0,1.0,0.0
93,1.0,1.0,1.0,1.0,1.0,1.0,2.0,1.0,1.0,0.0
94,3.0,1.0,1.0,1.0,2.0,1.0,2.0,1.0,1.0,0.0
95,1.0,1.0,1.0,1.0,1.0,1.0,3.0,1.0,1.0,0.0
96,5.0,2.0,4.0,1.0,1.0,1.0,1.0,1.0,1.0,0.0
97,4.0,1.0,2.0,1.0,2.0,1.0,2.0,1.0,1.0,0.0
98,3.0,1.0,1.0,1.0,2.0,1.0,1.0,1.0,1.0,0.0
99,5.0,1.0,1.0,1.0,2.0,1.0,2.0,1.0,1.0,0.0
100,5.0,1.0,2.0,1.0,2.0,1.0,1.0,1.0,1.0,0.0
101,5.0,1.0,1.0,1.0,2.0,1.0,1.0,1.0,1.0,0.0
102,5.0,1.0,1.0,1.0,2.0,1.0,2.0,2.0,1.0,0.0
103,1.0,1.0,1.0,1.0,2.0,1.0,1.0,1.0,1.0,0.0
104,5.0,1.0,1.0,6.0,3.0,1.0,1.0,1.0,1.0,0.0
105,5.0,2.0,2.0,2.0,1.0,1.0,2.0,1.0,1.0,0.0
106,4.0,3.0,1.0,1.0,2.0,1.0,4.0,8.0,1.0,0.0
107,3.0,1.0,1.0,1.0,2.0,1.0,1.0,1.0,1.0,0.0
108,3.0,1.0,1.0,1.0,2.0,1.0,2.0,1.0,1.0,0.0
109,1.0,1.0,1.0,1.0,2.0,5.0,1.0,1.0,1.0,0.0
110,5.0,1.0,1.0,1.0,2.0,1.0,2.0,1.0,1.0,0.0
111,2.0,1.0,1.0,1.0,1.0,1.0,3.0,1.0,1.0,0.0
112,5.0,1.0,1.0,2.0,2.0,2.0,3.0,1.0,1.0,0.0
113,3.0,1.0,1.0,1.0,3.0,1.0,2.0,1.0,1.0,0.0
114,3.0,1.0,1.0,1.0,2.0,1.0,2.0,1.0,1.0,0.0
115,3.0,1.0,1.0,1.0,2.0,1.0,3.0,2.0,1.0,0.0
116,1.0,1.0,1.0,1.0,1.0,1.0,3.0,1.0,1.0,0.0
117,5.0,1.0,4.0,1.0,2.0,1.0,3.0,2.0,1.0,0.0
118,2.0,1.0,1.0,1.0,2.0,1.0,3.0,1.0,1.0,0.0
119,2.0,1.0,1.0,1.0,2.0,1.0,3.0,1.0,1.0,0.0
120,1.0,1.0,1.0,1.0,2.0,1.0,3.0,1.0,1.0,0.0
121,4.0,1.0,1.0,2.0,2.0,1.0,2.0,1.0,1.0,0.0
122,1.0,1.0,1.0,1.0,2.0,2.0,2.0,1.0,1.0,0.0
123,1.0,1.0,1.0,1.0,2.0,1.0,2.0,1.0,1.0,0.0
124,1.0,1.0,1.0,1.0,2.0,1.0,2.0,1.0,1.0,0.0
125,1.0,1.0,1.0,1.0,2.0,1.0,3.0,2.0,1.0,0.0
126,5.0,1.0,3.0,1.0,2.0,1.0,2.0,1.0,1.0,0.0
127,1.0,3.0,3.0,2.0,2.0,1.0,7.0,2.0,1.0,0.0
128,1.0,1.0,2.0,1.0,2.0,2.0,4.0,2.0,1.0,0.0
129,1.0,1.0,4.0,1.0,2.0,1.0,2.0,1.0,1.0,0.0
130,5.0,3.0,1.0,2.0,2.0,1.0,2.0,1.0,1.0,0.0
131,3.0,1.0,1.0,1.0,2.0,3.0,3.0,1.0,1.0,0.0
132,2.0,1.0,1.0,1.0,3.0,1.0,2.0,1.0,1.0,0.0
133,2.0,2.0,2.0,1.0,1.0,1.0,7.0,1.0,1.0,0.0
134,5.0,2.0,1.0,1.0,2.0,1.0,3.0,1.0,1.0,0.0
135,1.0,3.0,1.0,2.0,2.0,2.0,5.0,3.0,2.0,0.0
136,4.0,1.0,1.0,1.0,2.0,1.0,3.0,1.0,1.0,0.0
137,3.0,1.0,1.0,1.0,2.0,2.0,7.0,1.0,1.0,0.0
138,1.0,1.0,1.0,1.0,2.0,1.0,3.0,1.0,1.0,0.0
139,3.0,1.0,1.0,1.0,2.0,1.0,3.0,1.0,1.0,0.0
140,1.0,1.0,1.0,1.0,2.0,1.0,3.0,1.0,1.0,0.0
141,1.0,1.0,1.0,1.0,2.0,1.0,3.0,1.0,1.0,0.0
142,1.0,1.0,1.0,1.0,2.0,1.0,3.0,1.0,1.0,0.0
143,1.0,1.0,1.0,2.0,2.0,1.0,3.0,1.0,1.0,0.0
144,1.0,1.0,1.0,1.0,2.0,1.0,2.0,1.0,1.0,0.0
145,5.0,3.0,4.0,3.0,4.0,5.0,4.0,7.0,1.0,0.0
146,8.0,2.0,1.0,1.0,5.0,1.0,1.0,1.0,1.0,0.0
147,6.0,1.0,3.0,1.0,2.0,1.0,3.0,1.0,1.0,0.0
148,5.0,1.0,1.0,1.0,2.0,1.0,3.0,1.0,1.0,0.0
149,1.0,1.0,1.0,1.0,2.0,1.0,3.0,1.0,1.0,0.0
150,1.0,1.0,1.0,1.0,2.0,1.0,1.0,1.0,1.0,0.0
151,5.0,7.0,7.0,1.0,5.0,8.0,3.0,4.0,1.0,0.0
152,3.0,1.0,1.0,1.0,2.0,1.0,2.0,1.0,1.0,0.0
153,3.0,1.0,1.0,3.0,1.0,1.0,3.0,1.0,1.0,0.0
154,5.0,1.0,3.0,3.0,2.0,2.0,2.0,3.0,1.0,0.0
155,2.0,1.0,1.0,2.0,2.0,1.0,3.0,1.0,1.0,0.0
156,4.0,1.0,1.0,1.0,2.0,1.0,3.0,6.0,1.0,0.0
157,1.0,2.0,2.0,1.0,2.0,1.0,1.0,1.0,1.0,0.0
158,3.0,1.0,1.0,1.0,2.0,1.0,3.0,1.0,1.0,0.0
159,3.0,3.0,2.0,1.0,3.0,1.0,3.0,6.0,1.0,0.0
160,6.0,3.0,3.0,5.0,3.0,10.0,3.0,5.0,3.0,0.0
161,3.0,1.0,1.0,1.0,2.0,1.0,1.0,1.0,1.0,0.0
162,8.0,4.0,6.0,3.0,3.0,1.0,4.0,3.0,1.0,0.0
163,1.0,1.0,1.0,1.0,2.0,1.0,2.0,1.0,1.0,0.0
164,1.0,1.0,1.0,1.0,2.0,5.0,5.0,1.0,1.0,0.0
165,3.0,1.0,1.0,1.0,2.0,1.0,1.0,1.0,1.0,0.0
166,4.0,1.0,1.0,1.0,2.0,1.0,3.0,1.0,1.0,0.0
167,1.0,1.0,1.0,1.0,2.0,1.0,3.0,1.0,1.0,0.0
168,3.0,2.0,1.0,1.0,1.0,1.0,2.0,1.0,1.0,0.0
169,5.0,1.0,1.0,1.0,2.0,1.0,2.0,1.0,1.0,0.0
170,2.0,1.0,1.0,1.0,2.0,1.0,2.0,1.0,1.0,0.0
171,1.0,1.0,3.0,1.0,2.0,1.0,1.0,1.0,1.0,0.0
172,3.0,1.0,1.0,1.0,1.0,1.0,2.0,1.0,1.0,0.0
173,2.0,1.0,1.0,1.0,2.0,1.0,3.0,1.0,1.0,0.0
174,2.0,1.0,1.0,2.0,2.0,1.0,3.0,1.0,1.0,0.0
175,3.0,1.0,2.0,1.0,2.0,1.0,2.0,1.0,1.0,0.0
176,2.0,1.0,1.0,1.0,2.0,1.0,2.0,1.0,1.0,0.0
177,1.0,1.0,1.0,1.0,2.0,1.0,2.0,3.0,1.0,0.0
178,3.0,3.0,2.0,1.0,2.0,3.0,3.0,1.0,1.0,0.0
179,1.0,1.0,1.0,1.0,2.0,1.0,3.0,1.0,1.0,0.0
180,5.0,1.0,1.0,1.0,1.0,1.0,3.0,1.0,1.0,0.0
181,4.0,1.0,1.0,1.0,2.0,2.0,3.0,2.0,1.0,0.0
182,3.0,1.0,1.0,1.0,2.0,1.0,3.0,1.0,1.0,0.0
183,1.0,1.0,1.0,2.0,1.0,1.0,1.0,1.0,1.0,0.0
184,3.0,1.0,1.0,1.0,2.0,1.0,1.0,1.0,1.0,0.0
185,1.0,1.0,1.0,1.0,2.0,1.0,3.0,1.0,1.0,0.0
186,1.0,1.0,1.0,1.0,2.0,1.0,2.0,1.0,1.0,0.0
187,2.0,1.0,1.0,1.0,2.0,1.0,3.0,1.0,1.0,0.0
188,4.0,1.0,1.0,1.0,2.0,1.0,3.0,1.0,1.0,0.0
189,1.0,1.0,1.0,1.0,1.0,1.0,3.0,1.0,1.0,0.0
190,1.0,1.0,1.0,1.0,2.0,1.0,1.0,1.0,1.0,0.0
191,6.0,1.0,1.0,1.0,2.0,1.0,3.0,1.0,1.0,0.0
192,1.0,2.0,3.0,1.0,2.0,1.0,3.0,1.0,1.0,0.0
193,2.0,1.0,1.0,2.0,3.0,1.0,2.0,1.0,1.0,0.0
194,3.0,1.0,1.0,1.0,2.0,1.0,2.0,1.0,1.0,0.0
195,4.0,1.0,1.0,1.0,2.0,1.0,3.0,1.0,1.0,0.0
196,3.0,1.0,1.0,2.0,2.0,1.0,1.0,1.0,1.0,0.0
197,4.0,1.0,1.0,1.0,2.0,1.0,3.0,1.0,1.0,0.0
198,1.0,1.0,1.0,1.0,2.0,1.0,2.0,1.0,1.0,0.0
199,2.0,1.0,1.0,1.0,2.0,1.0,3.0,1.0,1.0,0.0
200,1.0,1.0,1.0,1.0,2.0,1.0,3.0,1.0,1.0,0.0
201,2.0,1.0,1.0,2.0,2.0,1.0,1.0,1.0,1.0,0.0
202,5.0,1.0,1.0,1.0,2.0,1.0,3.0,1.0,1.0,0.0
203,4.0,1.0,2.0,1.0,2.0,1.0,3.0,1.0,1.0,0.0
204,4.0,1.0,1.0,3.0,2.0,1.0,3.0,1.0,1.0,0.0
205,1.0,1.0,1.0,1.0,2.0,1.0,2.0,1.0,1.0,0.0
206,1.0,1.0,1.0,1.0,2.0,1.0,2.0,1.0,2.0,0.0
207,6.0,1.0,1.0,1.0,2.0,1.0,3.0,1.0,1.0,0.0
208,6.0,2.0,1.0,1.0,1.0,1.0,7.0,1.0,1.0,0.0
209,3.0,1.0,1.0,1.0,2.0,2.0,3.0,1.0,1.0,0.0
210,6.0,8.0,8.0,1.0,3.0,4.0,3.0,7.0,1.0,0.0
211,4.0,1.0,1.0,3.0,2.0,1.0,3.0,1.0,1.0,0.0
212,1.0,1.0,1.0,1.0,2.0,10.0,3.0,1.0,1.0,0.0
213,2.0,1.0,2.0,1.0,2.0,1.0,3.0,1.0,1.0,0.0
214,2.0,1.0,1.0,1.0,2.0,1.0,1.0,1.0,5.0,0.0
215,4.0,2.0,1.0,1.0,2.0,1.0,2.0,1.0,1.0,0.0
216,1.0,1.0,1.0,1.0,1.0,1.0,3.0,1.0,1.0,0.0
217,2.0,1.0,1.0,1.0,2.0,1.0,2.0,1.0,1.0,0.0
218,1.0,1.0,1.0,1.0,2.0,3.0,3.0,1.0,1.0,0.0
219,4.0,1.0,1.0,1.0,2.0,1.0,2.0,1.0,1.0,0.0
220,5.0,4.0,4.0,5.0,7.0,10.0,3.0,2.0,1.0,0.0
221,5.0,1.0,1.0,1.0,2.0,2.0,2.0,1.0,1.0,0.0
222,5.0,1.0,1.0,1.0,2.0,1.0,1.0,1.0,1.0,0.0
223,4.0,1.0,1.0,1.0,2.0,1.0,2.0,1.0,1.0,0.0
224,2.0,1.0,1.0,1.0,2.0,1.0,3.0,1.0,1.0,0.0
225,1.0,1.0,1.0,1.0,2.0,1.0,3.0,1.0,1.0,0.0
226,5.0,1.0,1.0,3.0,2.0,1.0,1.0,1.0,1.0,0.0
227,1.0,1.0,1.0,1.0,1.0,1.0,1.0,3.0,1.0,0.0
228,5.0,2.0,2.0,2.0,3.0,1.0,1.0,3.0,1.0,0.0
229,1.0,1.0,1.0,1.0,2.0,1.0,1.0,1.0,1.0,0.0
230,1.0,1.0,1.0,1.0,2.0,1.0,1.0,1.0,1.0,0.0
231,2.0,1.0,1.0,1.0,2.0,1.0,1.0,1.0,1.0,0.0
232,1.0,1.0,1.0,1.0,2.0,1.0,2.0,1.0,1.0,0.0
233,5.0,1.0,2.0,1.0,2.0,1.0,3.0,1.0,1.0,0.0
234,3.0,3.0,2.0,6.0,3.0,3.0,3.0,5.0,1.0,0.0
235,1.0,1.0,1.0,1.0,2.0,1.0,2.0,1.0,1.0,0.0
236,3.0,1.0,1.0,1.0,2.0,1.0,1.0,1.0,1.0,0.0
237,5.0,3.0,2.0,4.0,2.0,1.0,1.0,1.0,1.0,0.0
238,5.0,1.0,1.0,1.0,1.0,1.0,1.0,1.0,1.0,0.0
239,5.0,2.0,1.0,1.0,2.0,1.0,1.0,1.0,1.0,0.0
240,4.0,1.0,1.0,1.0,2.0,1.0,1.0,1.0,1.0,0.0
241,4.0,1.0,2.0,1.0,2.0,1.0,1.0,1.0,1.0,0.0
242,5.0,1.0,1.0,1.0,2.0,1.0,1.0,1.0,1.0,0.0
243,3.0,1.0,1.0,1.0,1.0,1.0,2.0,1.0,1.0,0.0
244,4.0,1.0,1.0,1.0,2.0,1.0,1.0,1.0,1.0,0.0
245,6.0,1.0,1.0,1.0,1.0,1.0,1.0,1.0,1.0,0.0
246,6.0,1.0,1.0,3.0,2.0,1.0,1.0,1.0,1.0,0.0
247,3.0,1.0,1.0,1.0,1.0,1.0,2.0,1.0,1.0,0.0
248,5.0,1.0,2.0,1.0,2.0,1.0,1.0,1.0,1.0,0.0
249,1.0,1.0,2.0,1.0,2.0,1.0,2.0,1.0,1.0,0.0
250,3.0,2.0,2.0,1.0,4.0,3.0,2.0,1.0,1.0,0.0
251,2.0,1.0,1.0,1.0,2.0,1.0,3.0,1.0,1.0,0.0
252,4.0,1.0,2.0,1.0,2.0,1.0,2.0,1.0,1.0,0.0
253,1.0,1.0,3.0,1.0,2.0,1.0,1.0,1.0,1.0,0.0
254,4.0,3.0,2.0,1.0,3.0,1.0,2.0,1.0,1.0,0.0
255,4.0,4.0,4.0,4.0,6.0,5.0,7.0,3.0,1.0,0.0
256,5.0,2.0,2.0,2.0,2.0,1.0,2.0,2.0,1.0,0.0
257,5.0,1.0,1.0,1.0,2.0,1.0,3.0,1.0,2.0,0.0
258,1.0,1.0,1.0,1.0,2.0,1.0,2.0,1.0,1.0,0.0
259,3.0,2.0,2.0,1.0,2.0,1.0,2.0,3.0,1.0,0.0
260,1.0,1.0,1.0,1.0,2.0,1.0,3.0,1.0,1.0,0.0
261,3.0,1.0,1.0,1.0,2.0,1.0,3.0,1.0,1.0,0.0
262,1.0,1.0,1.0,1.0,5.0,1.0,3.0,1.0,1.0,0.0
263,4.0,4.0,4.0,2.0,2.0,3.0,2.0,1.0,1.0,0.0
264,1.0,1.0,1.0,1.0,2.0,1.0,3.0,1.0,1.0,0.0
265,1.0,1.0,1.0,1.0,2.0,1.0,1.0,1.0,1.0,0.0
266,1.0,1.0,1.0,1.0,2.0,1.0,1.0,1.0,1.0,0.0
267,2.0,1.0,1.0,1.0,3.0,1.0,2.0,1.0,1.0,0.0
268,3.0,1.0,1.0,1.0,2.0,5.0,5.0,1.0,1.0,0.0
269,1.0,1.0,1.0,1.0,2.0,1.0,3.0,1.0,1.0,0.0
270,1.0,1.0,1.0,1.0,2.0,1.0,1.0,1.0,1.0,0.0
271,1.0,1.0,1.0,1.0,1.0,1.0,2.0,1.0,1.0,0.0
272,1.0,1.0,3.0,1.0,1.0,1.0,2.0,1.0,1.0,0.0
273,3.0,4.0,5.0,3.0,7.0,3.0,4.0,6.0,1.0,0.0
274,1.0,1.0,3.0,1.0,2.0,1.0,1.0,1.0,1.0,0.0
275,2.0,1.0,1.0,1.0,2.0,1.0,2.0,1.0,1.0,0.0
276,1.0,1.0,1.0,1.0,1.0,1.0,2.0,1.0,1.0,0.0
277,3.0,1.0,1.0,1.0,2.0,1.0,2.0,1.0,1.0,0.0
278,4.0,1.0,1.0,1.0,2.0,1.0,1.0,1.0,1.0,0.0
279,1.0,1.0,1.0,1.0,2.0,1.0,1.0,1.0,1.0,0.0
280,3.0,1.0,1.0,1.0,2.0,1.0,1.0,1.0,1.0,0.0
281,5.0,1.0,3.0,1.0,2.0,1.0,2.0,1.0,1.0,0.0
282,4.0,3.0,3.0,1.0,2.0,1.0,3.0,3.0,1.0,0.0
283,3.0,2.0,2.0,3.0,2.0,3.0,3.0,1.0,1.0,0.0
284,2.0,3.0,1.0,1.0,5.0,1.0,1.0,1.0,1.0,0.0
285,5.0,2.0,2.0,2.0,2.0,2.0,3.0,2.0,2.0,0.0
286,4.0,1.0,1.0,1.0,2.0,1.0,1.0,1.0,1.0,0.0
287,5.0,1.0,1.0,1.0,2.0,1.0,1.0,1.0,1.0,0.0
288,3.0,1.0,1.0,1.0,2.0,5.0,1.0,1.0,1.0,0.0
289,4.0,1.0,1.0,3.0,1.0,1.0,2.0,1.0,1.0,0.0
290,5.0,1.0,1.0,3.0,2.0,1.0,1.0,1.0,1.0,0.0
291,4.0,1.0,3.0,3.0,2.0,1.0,1.0,1.0,1.0,0.0
292,5.0,1.0,3.0,1.0,2.0,1.0,1.0,1.0,1.0,0.0
293,2.0,3.0,1.0,1.0,3.0,1.0,1.0,1.0,1.0,0.0
294,3.0,1.0,1.0,3.0,2.0,1.0,1.0,1.0,1.0,0.0
295,5.0,1.0,1.0,1.0,2.0,1.0,1.0,1.0,1.0,0.0
296,1.0,1.0,1.0,1.0,1.0,1.0,1.0,1.0,1.0,0.0
297,5.0,2.0,2.0,4.0,2.0,4.0,1.0,1.0,1.0,0.0
298,5.0,1.0,1.0,1.0,2.0,1.0,1.0,1.0,1.0,0.0
299,1.0,1.0,1.0,1.0,2.0,1.0,1.0,1.0,1.0,0.0
300,2.0,1.0,1.0,1.0,2.0,1.0,1.0,1.0,1.0,0.0
301,5.0,1.0,1.0,6.0,3.0,1.0,2.0,1.0,1.0,0.0
302,1.0,1.0,1.0,1.0,2.0,2.0,1.0,1.0,1.0,0.0
303,1.0,1.0,1.0,3.0,2.0,3.0,1.0,1.0,1.0,0.0
304,5.0,1.0,2.0,1.0,2.0,1.0,1.0,1.0,1.0,0.0
305,1.0,1.0,1.0,3.0,1.0,3.0,1.0,1.0,1.0,0.0
306,5.0,3.0,6.0,1.0,2.0,1.0,1.0,1.0,1.0,0.0
307,1.0,3.0,1.0,1.0,2.0,1.0,2.0,2.0,1.0,0.0
308,4.0,1.0,1.0,1.0,2.0,1.0,1.0,2.0,1.0,0.0
309,4.0,1.0,1.0,1.0,2.0,1.0,2.0,1.0,1.0,0.0
310,5.0,1.0,1.0,1.0,2.0,1.0,1.0,1.0,1.0,0.0
311,1.0,1.0,1.0,1.0,2.0,4.0,1.0,1.0,1.0,0.0
312,3.0,3.0,1.0,1.0,2.0,1.0,1.0,1.0,1.0,0.0
313,1.0,1.0,1.0,1.0,2.0,1.0,1.0,1.0,1.0,0.0
314,4.0,1.0,1.0,1.0,2.0,1.0,3.0,1.0,1.0,0.0
315,4.0,1.0,1.0,2.0,2.0,1.0,2.0,1.0,1.0,0.0
316,6.0,1.0,1.0,1.0,2.0,1.0,2.0,1.0,1.0,0.0
317,4.0,1.0,1.0,1.0,1.0,1.0,2.0,1.0,1.0,0.0
318,4.0,1.0,1.0,1.0,2.0,1.0,2.0,1.0,1.0,0.0
319,2.0,1.0,1.0,1.0,2.0,1.0,2.0,1.0,1.0,0.0
320,4.0,1.0,1.0,1.0,2.0,1.0,2.0,1.0,1.0,0.0
321,1.0,1.0,1.0,1.0,1.0,1.0,1.0,1.0,1.0,0.0
322,3.0,1.0,1.0,1.0,1.0,1.0,2.0,1.0,1.0,0.0
323,5.0,1.0,2.0,10.0,4.0,5.0,2.0,1.0,1.0,0.0
324,4.0,1.0,1.0,1.0,2.0,1.0,1.0,1.0,1.0,0.0
325,6.0,1.0,1.0,3.0,2.0,1.0,1.0,1.0,1.0,0.0
326,1.0,1.0,1.0,1.0,2.0,1.0,2.0,1.0,1.0,0.0
327,1.0,1.0,1.0,1.0,2.0,1.0,2.0,1.0,1.0,0.0
328,6.0,9.0,7.0,5.0,5.0,8.0,4.0,2.0,1.0,0.0
329,3.0,2.0,2.0,3.0,2.0,1.0,1.0,1.0,1.0,0.0
330,5.0,1.0,1.0,1.0,2.0,1.0,2.0,2.0,1.0,0.0
331,5.0,1.0,1.0,3.0,4.0,1.0,3.0,2.0,1.0,0.0
332,4.0,2.0,1.0,1.0,2.0,1.0,1.0,1.0,1.0,0.0
333,3.0,1.0,1.0,1.0,2.0,1.0,3.0,1.0,1.0,0.0
334,6.0,1.0,1.0,1.0,2.0,1.0,3.0,1.0,1.0,0.0
335,3.0,2.0,1.0,1.0,2.0,1.0,2.0,2.0,1.0,0.0
336,1.0,1.0,1.0,3.0,2.0,1.0,1.0,1.0,1.0,0.0
337,1.0,1.0,1.0,1.0,2.0,1.0,1.0,1.0,8.0,0.0
338,3.0,1.0,1.0,1.0,2.0,1.0,2.0,3.0,1.0,0.0
339,1.0,1.0,1.0,1.0,2.0,1.0,1.0,1.0,1.0,0.0
340,1.0,1.0,1.0,1.0,2.0,1.0,1.0,1.0,1.0,0.0
341,1.0,1.0,1.0,1.0,2.0,1.0,1.0,1.0,1.0,0.0
342,1.0,1.0,1.0,1.0,2.0,1.0,1.0,1.0,1.0,0.0
343,1.0,1.0,1.0,1.0,2.0,1.0,1.0,1.0,1.0,0.0
344,5.0,1.0,1.0,1.0,2.0,1.0,3.0,2.0,1.0,0.0
345,2.0,1.0,1.0,1.0,2.0,1.0,1.0,1.0,1.0,0.0
346,3.0,1.0,1.0,1.0,2.0,1.0,2.0,1.0,1.0,0.0
347,3.0,1.0,1.0,1.0,2.0,1.0,1.0,1.0,1.0,0.0
348,3.0,1.0,1.0,1.0,2.0,1.0,3.0,1.0,1.0,0.0
349,1.0,1.0,1.0,1.0,2.0,1.0,1.0,1.0,1.0,0.0
350,6.0,2.0,3.0,1.0,2.0,1.0,1.0,1.0,1.0,0.0
351,4.0,1.0,1.0,1.0,2.0,1.0,1.0,1.0,1.0,0.0
352,2.0,1.0,1.0,1.0,2.0,1.0,1.0,1.0,1.0,0.0
353,2.0,1.0,1.0,1.0,2.0,5.0,1.0,1.0,1.0,0.0
354,3.0,1.0,3.0,1.0,3.0,4.0,1.0,1.0,1.0,0.0
355,5.0,1.0,1.0,2.0,1.0,1.0,2.0,1.0,1.0,0.0
356,7.0,1.0,2.0,3.0,2.0,1.0,2.0,1.0,1.0,0.0
357,1.0,1.0,1.0,1.0,2.0,1.0,1.0,1.0,1.0,0.0
358,6.0,3.0,3.0,3.0,3.0,2.0,6.0,1.0,1.0,0.0
359,3.0,1.0,1.0,1.0,2.0,1.0,2.0,1.0,1.0,0.0
360,4.0,1.0,1.0,1.0,2.0,1.0,2.0,1.0,1.0,0.0
361,5.0,1.0,1.0,1.0,2.0,1.0,2.0,1.0,1.0,0.0
362,3.0,1.0,1.0,1.0,2.0,1.0,2.0,1.0,2.0,0.0
363,2.0,1.0,1.0,1.0,2.0,1.0,1.0,1.0,1.0,0.0
364,4.0,1.0,1.0,1.0,2.0,1.0,1.0,1.0,1.0,0.0
365,5.0,1.0,2.0,1.0,2.0,1.0,3.0,1.0,1.0,0.0
366,1.0,1.0,1.0,1.0,2.0,1.0,1.0,1.0,1.0,0.0
367,2.0,3.0,1.0,1.0,2.0,1.0,2.0,1.0,1.0,0.0
368,1.0,1.0,1.0,1.0,2.0,1.0,3.0,1.0,1.0,0.0
369,2.0,1.0,1.0,1.0,1.0,1.0,2.0,1.0,1.0,0.0
370,1.0,1.0,1.0,1.0,2.0,1.0,2.0,1.0,1.0,0.0
371,5.0,3.0,2.0,1.0,3.0,1.0,1.0,1.0,1.0,0.0
372,2.0,1.0,1.0,1.0,2.0,1.0,3.0,1.0,1.0,0.0
373,3.0,2.0,1.0,2.0,2.0,1.0,3.0,1.0,1.0,0.0
374,3.0,1.0,1.0,1.0,2.0,1.0,3.0,1.0,1.0,0.0
375,3.0,1.0,1.0,1.0,3.0,2.0,1.0,1.0,1.0,0.0
376,5.0,2.0,2.0,2.0,2.0,1.0,1.0,1.0,2.0,0.0
377,3.0,1.0,1.0,3.0,2.0,1.0,2.0,1.0,1.0,0.0
378,1.0,1.0,3.0,1.0,2.0,1.0,2.0,1.0,1.0,0.0
379,1.0,1.0,3.0,1.0,2.0,1.0,2.0,1.0,1.0,0.0
380,4.0,1.0,1.0,1.0,2.0,1.0,3.0,1.0,1.0,0.0
381,1.0,1.0,1.0,1.0,2.0,1.0,2.0,1.0,1.0,0.0
382,1.0,1.0,1.0,1.0,2.0,1.0,1.0,1.0,1.0,0.0
383,5.0,4.0,5.0,1.0,8.0,1.0,3.0,6.0,1.0,0.0
384,5.0,1.0,1.0,1.0,2.0,1.0,2.0,1.0,1.0,0.0
385,4.0,1.0,4.0,1.0,2.0,1.0,1.0,1.0,1.0,0.0
386,5.0,1.0,1.0,1.0,2.0,1.0,1.0,1.0,1.0,0.0
387,4.0,1.0,1.0,1.0,2.0,1.0,1.0,1.0,1.0,0.0
388,1.0,1.0,1.0,1.0,2.0,1.0,1.0,1.0,1.0,0.0
389,4.0,1.0,1.0,1.0,2.0,1.0,2.0,1.0,1.0,0.0
390,1.0,1.0,2.0,1.0,2.0,1.0,2.0,1.0,1.0,0.0
391,4.0,1.0,3.0,1.0,2.0,1.0,2.0,1.0,1.0,0.0
392,2.0,1.0,1.0,1.0,2.0,1.0,1.0,1.0,1.0,0.0
393,3.0,2.0,2.0,2.0,2.0,1.0,3.0,2.0,1.0,0.0
394,1.0,1.0,1.0,1.0,2.0,1.0,1.0,1.0,1.0,0.0
395,5.0,3.0,4.0,1.0,4.0,1.0,3.0,1.0,1.0,0.0
396,3.0,1.0,1.0,4.0,3.0,1.0,2.0,2.0,1.0,0.0
397,1.0,1.0,1.0,1.0,1.0,1.0,2.0,1.0,1.0,0.0
398,1.0,1.0,1.0,1.0,2.0,1.0,2.0,1.0,1.0,0.0
399,1.0,1.0,1.0,1.0,2.0,1.0,1.0,1.0,1.0,0.0
400,3.0,1.0,2.0,1.0,2.0,1.0,2.0,1.0,1.0,0.0
401,5.0,1.0,1.0,2.0,2.0,1.0,2.0,1.0,1.0,0.0
402,1.0,1.0,1.0,2.0,2.0,1.0,2.0,1.0,1.0,0.0
403,2.0,1.0,1.0,1.0,2.0,1.0,1.0,1.0,1.0,0.0
404,3.0,1.0,1.0,1.0,2.0,1.0,2.0,1.0,1.0,0.0
405,3.0,1.0,2.0,1.0,2.0,1.0,2.0,1.0,1.0,0.0
406,2.0,3.0,2.0,2.0,2.0,2.0,3.0,1.0,1.0,0.0
407,1.0,1.0,1.0,1.0,2.0,1.0,2.0,1.0,1.0,0.0
408,4.0,2.0,2.0,1.0,2.0,1.0,2.0,1.0,1.0,0.0
409,1.0,1.0,1.0,1.0,2.0,1.0,2.0,1.0,1.0,0.0
410,1.0,2.0,1.0,3.0,2.0,1.0,1.0,2.0,1.0,0.0
411,5.0,3.0,3.0,1.0,2.0,1.0,2.0,1.0,1.0,0.0
412,1.0,2.0,3.0,1.0,2.0,1.0,2.0,1.0,1.0,0.0
413,3.0,1.0,1.0,1.0,2.0,1.0,1.0,1.0,1.0,0.0
414,3.0,1.0,1.0,1.0,2.0,1.0,2.0,1.0,1.0,0.0
415,1.0,2.0,3.0,1.0,2.0,1.0,1.0,1.0,1.0,0.0
416,3.0,1.0,1.0,1.0,2.0,4.0,1.0,1.0,1.0,0.0
417,3.0,3.0,2.0,2.0,3.0,1.0,1.0,2.0,3.0,0.0
418,1.0,1.0,1.0,1.0,1.0,1.0,1.0,1.0,1.0,0.0
419,2.0,1.0,1.0,1.0,2.0,1.0,2.0,2.0,1.0,0.0
420,5.0,1.0,1.0,1.0,2.0,1.0,2.0,1.0,1.0,0.0
421,3.0,1.0,1.0,1.0,2.0,1.0,1.0,1.0,1.0,0.0
422,5.0,3.0,3.0,2.0,3.0,1.0,3.0,1.0,1.0,0.0
423,5.0,1.0,1.0,1.0,2.0,1.0,2.0,2.0,1.0,0.0
424,2.0,1.0,1.0,1.0,2.0,1.0,1.0,1.0,1.0,0.0
425,1.0,2.0,1.0,3.0,2.0,1.0,2.0,1.0,1.0,0.0
426,3.0,1.0,1.0,2.0,3.0,4.0,1.0,1.0,1.0,0.0
427,3.0,1.0,1.0,1.0,2.0,1.0,2.0,1.0,1.0,0.0
428,1.0,2.0,2.0,1.0,2.0,1.0,1.0,1.0,1.0,0.0
429,3.0,1.0,1.0,1.0,2.0,1.0,2.0,1.0,1.0,0.0
430,1.0,1.0,1.0,1.0,2.0,1.0,1.0,1.0,1.0,0.0
431,3.0,1.0,4.0,1.0,2.0,1.0,1.0,1.0,1.0,0.0
432,1.0,1.0,1.0,3.0,2.0,1.0,1.0,1.0,1.0,0.0
433,5.0,1.0,1.0,1.0,2.0,1.0,1.0,1.0,1.0,0.0
434,3.0,1.0,1.0,1.0,2.0,1.0,2.0,1.0,1.0,0.0
435,1.0,1.0,1.0,1.0,2.0,1.0,1.0,1.0,1.0,0.0
436,5.0,1.0,1.0,1.0,2.0,1.0,2.0,1.0,1.0,0.0
437,4.0,2.0,4.0,3.0,2.0,2.0,2.0,1.0,1.0,0.0
438,4.0,1.0,1.0,1.0,2.0,1.0,1.0,1.0,1.0,0.0
439,2.0,1.0,1.0,1.0,2.0,1.0,1.0,1.0,1.0,0.0
440,5.0,1.0,1.0,1.0,3.0,2.0,2.0,2.0,1.0,0.0
441,5.0,1.0,1.0,3.0,2.0,1.0,1.0,1.0,1.0,0.0
442,4.0,1.0,1.0,3.0,2.0,1.0,1.0,1.0,1.0,0.0
443,3.0,1.0,1.0,1.0,2.0,1.0,2.0,1.0,1.0,0.0
444,10.0,3.0,6.0,2.0,3.0,5.0,4.0,10.0,2.0,1.0
445,10.0,5.0,5.0,6.0,8.0,8.0,7.0,1.0,1.0,1.0
446,10.0,10.0,7.0,8.0,7.0,1.0,10.0,10.0,3.0,1.0
447,5.0,5.0,5.0,8.0,10.0,8.0,7.0,3.0,7.0,1.0
448,10.0,6.0,6.0,3.0,4.0,5.0,3.0,6.0,1.0,1.0
449,10.0,4.0,6.0,1.0,2.0,10.0,5.0,3.0,1.0,1.0
450,8.0,6.0,7.0,3.0,3.0,10.0,3.0,4.0,2.0,1.0
451,9.0,5.0,8.0,1.0,2.0,3.0,2.0,1.0,5.0,1.0
452,10.0,10.0,10.0,4.0,8.0,1.0,8.0,10.0,1.0,1.0
453,7.0,8.0,7.0,2.0,4.0,8.0,3.0,8.0,2.0,1.0
454,5.0,4.0,6.0,6.0,4.0,10.0,4.0,3.0,1.0,1.0
455,10.0,3.0,5.0,4.0,3.0,7.0,3.0,5.0,3.0,1.0
456,3.0,7.0,7.0,4.0,4.0,9.0,4.0,8.0,1.0,1.0
457,5.0,3.0,3.0,4.0,2.0,4.0,3.0,4.0,1.0,1.0
458,8.0,7.0,4.0,4.0,5.0,3.0,5.0,10.0,1.0,1.0
459,8.0,4.0,10.0,5.0,4.0,4.0,7.0,10.0,1.0,1.0
460,8.0,2.0,4.0,1.0,5.0,1.0,5.0,4.0,4.0,1.0
461,10.0,7.0,7.0,3.0,8.0,5.0,7.0,4.0,3.0,1.0
462,10.0,1.0,1.0,1.0,2.0,10.0,5.0,4.0,1.0,1.0
463,9.0,5.0,5.0,2.0,2.0,2.0,5.0,1.0,1.0,1.0
464,10.0,10.0,10.0,10.0,10.0,10.0,4.0,10.0,10.0,1.0
465,5.0,10.0,10.0,3.0,7.0,3.0,8.0,10.0,2.0,1.0
466,8.0,3.0,4.0,9.0,3.0,10.0,3.0,3.0,1.0,1.0
467,10.0,8.0,4.0,4.0,4.0,10.0,3.0,10.0,4.0,1.0
468,9.0,1.0,2.0,6.0,4.0,10.0,7.0,7.0,2.0,1.0
469,5.0,10.0,10.0,5.0,4.0,5.0,4.0,4.0,1.0,1.0
470,8.0,10.0,10.0,8.0,7.0,10.0,9.0,7.0,1.0,1.0
471,5.0,5.0,7.0,8.0,6.0,10.0,7.0,4.0,1.0,1.0
472,5.0,6.0,5.0,6.0,10.0,1.0,3.0,1.0,1.0,1.0
473,7.0,8.0,7.0,6.0,4.0,3.0,8.0,8.0,4.0,1.0
474,8.0,10.0,10.0,1.0,3.0,6.0,3.0,9.0,1.0,1.0
475,5.0,10.0,10.0,10.0,10.0,2.0,10.0,10.0,10.0,1.0
476,5.0,3.0,3.0,3.0,6.0,10.0,3.0,1.0,1.0,1.0
477,10.0,4.0,3.0,1.0,3.0,3.0,6.0,5.0,2.0,1.0
478,6.0,10.0,10.0,10.0,8.0,10.0,10.0,10.0,7.0,1.0
479,8.0,6.0,4.0,10.0,10.0,1.0,3.0,5.0,1.0,1.0
480,4.0,8.0,7.0,10.0,4.0,10.0,7.0,5.0,1.0,1.0
481,8.0,6.0,5.0,4.0,3.0,10.0,6.0,1.0,1.0,1.0
482,5.0,8.0,7.0,7.0,10.0,10.0,5.0,7.0,1.0,1.0
483,3.0,10.0,8.0,7.0,6.0,9.0,9.0,3.0,8.0,1.0
484,5.0,10.0,10.0,3.0,8.0,1.0,5.0,10.0,3.0,1.0
485,10.0,4.0,5.0,5.0,5.0,10.0,4.0,1.0,1.0,1.0
486,6.0,8.0,7.0,5.0,6.0,8.0,8.0,9.0,2.0,1.0
487,7.0,4.0,7.0,4.0,3.0,7.0,7.0,6.0,1.0,1.0
488,5.0,8.0,8.0,8.0,5.0,10.0,7.0,8.0,1.0,1.0
489,8.0,7.0,6.0,4.0,4.0,10.0,5.0,1.0,1.0,1.0
490,6.0,6.0,6.0,5.0,4.0,10.0,7.0,6.0,2.0,1.0
491,10.0,6.0,6.0,2.0,4.0,10.0,9.0,7.0,1.0,1.0
492,6.0,10.0,10.0,2.0,8.0,10.0,7.0,3.0,3.0,1.0
493,10.0,9.0,8.0,7.0,6.0,4.0,7.0,10.0,3.0,1.0
494,1.0,5.0,8.0,6.0,5.0,8.0,7.0,10.0,1.0,1.0
495,10.0,5.0,6.0,10.0,6.0,10.0,7.0,7.0,10.0,1.0
496,8.0,10.0,4.0,4.0,8.0,10.0,8.0,2.0,1.0,1.0
497,7.0,3.0,4.0,4.0,3.0,3.0,3.0,2.0,7.0,1.0
498,9.0,6.0,9.0,2.0,10.0,6.0,2.0,9.0,10.0,1.0
499,8.0,10.0,10.0,10.0,8.0,10.0,10.0,7.0,3.0,1.0
500,7.0,8.0,8.0,7.0,3.0,10.0,7.0,2.0,3.0,1.0
501,8.0,10.0,3.0,2.0,6.0,4.0,3.0,10.0,1.0,1.0
502,10.0,4.0,6.0,4.0,5.0,10.0,7.0,1.0,1.0,1.0
503,10.0,4.0,7.0,2.0,2.0,8.0,6.0,1.0,1.0,1.0
504,10.0,10.0,10.0,8.0,6.0,1.0,8.0,9.0,1.0,1.0
505,7.0,4.0,5.0,10.0,2.0,10.0,3.0,8.0,2.0,1.0
506,5.0,4.0,4.0,9.0,2.0,10.0,5.0,6.0,1.0,1.0
507,2.0,5.0,3.0,3.0,6.0,7.0,7.0,5.0,1.0,1.0
508,10.0,10.0,10.0,3.0,10.0,10.0,9.0,10.0,1.0,1.0
509,10.0,4.0,4.0,6.0,2.0,10.0,2.0,3.0,1.0,1.0
510,8.0,10.0,5.0,3.0,8.0,4.0,4.0,10.0,3.0,1.0
511,5.0,10.0,10.0,10.0,4.0,10.0,5.0,6.0,3.0,1.0
512,4.0,2.0,3.0,5.0,3.0,8.0,7.0,6.0,1.0,1.0
513,3.0,5.0,7.0,8.0,8.0,9.0,7.0,10.0,7.0,1.0
514,4.0,8.0,6.0,3.0,4.0,10.0,7.0,1.0,1.0,1.0
515,5.0,10.0,6.0,1.0,10.0,4.0,4.0,10.0,10.0,1.0
516,9.0,8.0,8.0,9.0,6.0,3.0,4.0,1.0,1.0,1.0
517,10.0,3.0,4.0,5.0,3.0,10.0,4.0,1.0,1.0,1.0
518,3.0,3.0,6.0,4.0,5.0,8.0,4.0,4.0,1.0,1.0
519,5.0,10.0,10.0,10.0,5.0,2.0,8.0,5.0,1.0,1.0
520,10.0,6.0,4.0,1.0,3.0,4.0,3.0,2.0,3.0,1.0
521,2.0,7.0,10.0,10.0,7.0,10.0,4.0,9.0,4.0,1.0
522,8.0,10.0,10.0,10.0,6.0,10.0,10.0,10.0,10.0,1.0
523,10.0,9.0,7.0,3.0,4.0,2.0,7.0,7.0,1.0,1.0
524,5.0,3.0,5.0,5.0,3.0,3.0,4.0,10.0,1.0,1.0
525,1.0,4.0,3.0,10.0,4.0,10.0,5.0,6.0,1.0,1.0
526,3.0,4.0,4.0,10.0,5.0,1.0,3.0,3.0,1.0,1.0
527,4.0,6.0,6.0,5.0,7.0,6.0,7.0,7.0,3.0,1.0
528,6.0,3.0,4.0,1.0,5.0,2.0,3.0,9.0,1.0,1.0
529,8.0,10.0,10.0,7.0,10.0,10.0,7.0,3.0,8.0,1.0
530,6.0,5.0,5.0,8.0,4.0,10.0,3.0,4.0,1.0,1.0
531,10.0,4.0,2.0,1.0,3.0,2.0,4.0,3.0,10.0,1.0
532,5.0,3.0,3.0,1.0,3.0,3.0,3.0,3.0,3.0,1.0
533,5.0,3.0,4.0,1.0,8.0,10.0,4.0,9.0,1.0,1.0
534,4.0,10.0,8.0,5.0,4.0,1.0,10.0,1.0,1.0,1.0
535,8.0,3.0,8.0,3.0,4.0,9.0,8.0,9.0,8.0,1.0
536,4.0,8.0,6.0,4.0,3.0,4.0,10.0,6.0,1.0,1.0
537,8.0,5.0,5.0,5.0,2.0,10.0,4.0,3.0,1.0,1.0
538,6.0,10.0,2.0,8.0,10.0,2.0,7.0,8.0,10.0,1.0
539,10.0,3.0,3.0,1.0,2.0,10.0,7.0,6.0,1.0,1.0
540,9.0,4.0,5.0,10.0,6.0,10.0,4.0,8.0,1.0,1.0
541,9.0,10.0,10.0,10.0,10.0,5.0,10.0,10.0,10.0,1.0
542,9.0,10.0,10.0,1.0,10.0,8.0,3.0,3.0,1.0,1.0
543,5.0,3.0,3.0,3.0,2.0,3.0,4.0,4.0,1.0,1.0
544,7.0,2.0,4.0,1.0,3.0,4.0,3.0,3.0,1.0,1.0
545,8.0,10.0,10.0,10.0,6.0,10.0,10.0,10.0,1.0,1.0
546,10.0,10.0,10.0,10.0,5.0,10.0,10.0,10.0,7.0,1.0
547,8.0,7.0,5.0,10.0,7.0,9.0,5.0,5.0,4.0,1.0
548,7.0,4.0,6.0,4.0,6.0,1.0,4.0,3.0,1.0,1.0
549,5.0,5.0,5.0,2.0,5.0,10.0,4.0,3.0,1.0,1.0
550,6.0,8.0,7.0,8.0,6.0,8.0,8.0,9.0,1.0,1.0
551,10.0,7.0,7.0,6.0,4.0,10.0,4.0,1.0,2.0,1.0
552,7.0,3.0,2.0,10.0,5.0,10.0,5.0,4.0,4.0,1.0
553,10.0,5.0,5.0,3.0,6.0,7.0,7.0,10.0,1.0,1.0
554,5.0,6.0,6.0,8.0,6.0,10.0,4.0,10.0,4.0,1.0
555,3.0,10.0,7.0,8.0,5.0,8.0,7.0,4.0,1.0,1.0
556,5.0,10.0,10.0,8.0,5.0,5.0,7.0,10.0,1.0,1.0
557,5.0,7.0,4.0,1.0,6.0,1.0,7.0,10.0,3.0,1.0
558,7.0,6.0,3.0,2.0,5.0,10.0,7.0,4.0,6.0,1.0
559,5.0,2.0,3.0,4.0,2.0,7.0,3.0,6.0,1.0,1.0
560,3.0,6.0,6.0,6.0,5.0,10.0,6.0,8.0,3.0,1.0
561,6.0,1.0,3.0,1.0,4.0,5.0,5.0,10.0,1.0,1.0
562,5.0,2.0,3.0,1.0,6.0,10.0,5.0,1.0,1.0,1.0
563,8.0,7.0,8.0,7.0,5.0,5.0,5.0,10.0,2.0,1.0
564,7.0,6.0,4.0,8.0,10.0,10.0,9.0,5.0,3.0,1.0
565,5.0,7.0,10.0,6.0,5.0,10.0,7.0,5.0,1.0,1.0
566,10.0,4.0,3.0,10.0,3.0,10.0,7.0,1.0,2.0,1.0
567,2.0,5.0,7.0,6.0,4.0,10.0,7.0,6.0,1.0,1.0
568,5.0,10.0,10.0,10.0,10.0,10.0,10.0,1.0,1.0,1.0
569,10.0,5.0,7.0,3.0,3.0,7.0,3.0,3.0,8.0,1.0
570,6.0,10.0,5.0,5.0,4.0,10.0,6.0,10.0,1.0,1.0
571,10.0,5.0,10.0,3.0,5.0,8.0,7.0,8.0,3.0,1.0
572,5.0,3.0,2.0,8.0,5.0,10.0,8.0,1.0,2.0,1.0
573,5.0,4.0,6.0,8.0,4.0,1.0,8.0,10.0,1.0,1.0
574,8.0,4.0,7.0,1.0,3.0,10.0,3.0,9.0,2.0,1.0
575,3.0,3.0,5.0,2.0,3.0,10.0,7.0,1.0,1.0,1.0
576,5.0,4.0,6.0,10.0,2.0,10.0,4.0,1.0,1.0,1.0
577,8.0,7.0,8.0,5.0,5.0,10.0,9.0,10.0,1.0,1.0
578,5.859999999999999,5.140000000000001,4.0600000000000005,1.18,7.92,9.82,6.96,8.02,1.18,1.0
579,9.82,2.98,4.0600000000000005,9.82,6.96,9.82,6.96,1.18,6.9399999999999995,1.0
580,9.1,1.9,5.140000000000001,9.82,6.96,9.82,3.12,1.9,9.82,1.0
581,8.02,9.82,5.859999999999999,5.140000000000001,7.92,9.82,6.96,9.82,1.18,1.0
582,5.140000000000001,9.82,6.9399999999999995,1.9,6.0,4.0600000000000005,9.84,2.98,1.18,1.0
583,5.140000000000001,8.02,5.140000000000001,2.98,6.0,2.98,9.84,9.82,9.82,1.0
584,2.98,5.140000000000001,5.859999999999999,1.18,3.12,9.82,3.12,2.98,1.18,1.0
585,9.82,2.98,8.02,9.82,2.16,8.02,3.12,8.02,5.859999999999999,1.0
586,8.02,2.98,1.9,1.18,9.84,9.82,3.12,9.1,1.9,1.0
587,9.1,4.0600000000000005,4.0600000000000005,5.859999999999999,5.04,9.82,6.96,5.859999999999999,1.18,1.0
588,1.9,5.859999999999999,8.02,2.98,6.96,5.859999999999999,7.92,2.98,1.18,1.0
589,9.82,8.02,9.82,5.140000000000001,5.04,4.0600000000000005,4.08,2.98,1.18,1.0
590,9.82,8.02,5.859999999999999,6.9399999999999995,3.12,9.82,6.0,1.18,2.98,1.0
591,5.140000000000001,4.0600000000000005,5.859999999999999,9.82,3.12,4.0600000000000005,7.92,2.98,1.18,1.0
592,5.140000000000001,9.82,2.98,1.9,6.0,9.82,6.96,8.02,1.18,1.0
593,5.140000000000001,8.02,5.859999999999999,1.18,4.08,8.02,6.96,9.82,1.18,1.0
594,5.140000000000001,5.859999999999999,5.859999999999999,1.18,3.12,9.82,6.96,9.82,1.9,1.0
595,6.9399999999999995,6.9399999999999995,4.0600000000000005,9.82,5.04,1.9,6.0,9.82,5.859999999999999,1.0
596,5.859999999999999,5.140000000000001,4.0600000000000005,9.82,2.16,9.82,4.08,9.82,9.82,1.0
597,5.140000000000001,4.0600000000000005,5.140000000000001,5.859999999999999,5.04,8.02,6.96,8.02,1.18,1.0
598,8.02,5.140000000000001,1.9,5.859999999999999,4.08,9.82,6.96,2.98,4.0600000000000005,1.0
599,4.0600000000000005,9.82,5.140000000000001,6.9399999999999995,6.96,2.98,8.879999999999999,9.82,2.98,1.0
600,5.140000000000001,1.18,4.0600000000000005,1.9,4.08,9.82,6.96,8.02,1.9,1.0
601,5.140000000000001,2.98,5.140000000000001,9.82,4.08,9.82,6.96,6.9399999999999995,9.82,1.0
602,6.9399999999999995,1.9,2.98,4.0600000000000005,2.16,4.0600000000000005,3.12,1.18,1.18,1.0
603,9.82,1.9,9.82,4.0600000000000005,2.16,1.9,5.04,5.140000000000001,1.18,1.0
604,5.140000000000001,9.82,6.9399999999999995,5.140000000000001,4.08,1.18,2.16,5.140000000000001,5.140000000000001,1.0
605,6.9399999999999995,8.02,6.9399999999999995,1.18,5.04,9.82,4.08,9.82,1.18,1.0
606,8.02,5.859999999999999,8.02,1.9,5.04,9.82,6.96,5.859999999999999,4.0600000000000005,1.0
607,2.98,2.98,5.859999999999999,8.02,4.08,9.82,9.84,4.0600000000000005,6.9399999999999995,1.0
608,8.02,5.859999999999999,2.98,1.18,6.0,4.0600000000000005,3.12,9.82,1.18,1.0
609,5.140000000000001,5.859999999999999,5.859999999999999,5.859999999999999,7.92,6.9399999999999995,5.04,1.18,6.9399999999999995,1.0
610,2.98,2.98,6.9399999999999995,2.98,6.96,9.82,7.92,5.140000000000001,1.18,1.0
611,9.82,5.140000000000001,8.02,4.0600000000000005,2.16,8.02,4.08,1.18,1.18,1.0
612,9.82,5.140000000000001,5.859999999999999,2.98,5.04,9.82,6.96,9.1,1.9,1.0
613,9.82,6.9399999999999995,2.98,4.0600000000000005,3.12,1.9,6.96,9.82,8.02,1.0
614,5.140000000000001,6.9399999999999995,5.140000000000001,8.02,3.12,9.82,6.96,2.98,1.18,1.0
615,4.0600000000000005,1.9,5.140000000000001,2.98,9.84,6.9399999999999995,3.12,9.82,1.18,1.0
616,8.02,5.140000000000001,6.9399999999999995,5.859999999999999,3.12,8.02,4.08,2.98,2.98,1.0
617,5.859999999999999,6.9399999999999995,6.9399999999999995,5.140000000000001,5.04,9.82,6.96,9.82,2.98,1.0
618,4.0600000000000005,5.859999999999999,5.140000000000001,6.9399999999999995,5.04,9.82,6.96,9.1,2.98,1.0
619,6.9399999999999995,9.82,9.82,9.82,6.0,9.82,2.16,9.82,1.18,1.0
620,1.9,8.02,6.9399999999999995,8.02,5.04,1.9,6.96,1.18,1.18,1.0
621,9.82,2.98,4.0600000000000005,1.9,2.16,1.9,3.12,9.82,1.18,1.0
622,5.140000000000001,2.98,2.98,1.18,4.08,9.82,6.96,9.1,4.0600000000000005,1.0
623,8.02,6.9399999999999995,2.98,2.98,5.04,9.82,4.08,2.98,1.18,1.0
624,5.140000000000001,1.9,4.0600000000000005,5.859999999999999,2.16,4.0600000000000005,9.84,9.82,1.18,1.0
625,6.9399999999999995,6.9399999999999995,4.0600000000000005,1.18,4.08,1.18,4.08,2.98,9.82,1.0
626,8.02,9.82,4.0600000000000005,5.140000000000001,2.16,1.18,4.08,9.82,1.18,1.0
627,5.140000000000001,6.9399999999999995,5.140000000000001,5.859999999999999,2.16,9.82,3.12,1.18,9.82,1.0
628,9.82,5.140000000000001,4.0600000000000005,2.98,4.08,2.98,4.08,9.1,2.98,1.0
629,9.82,6.9399999999999995,9.82,8.02,3.12,5.140000000000001,8.879999999999999,5.859999999999999,4.0600000000000005,1.0
630,9.82,5.140000000000001,2.98,1.18,5.04,4.0600000000000005,9.84,1.18,1.18,1.0
631,9.82,5.859999999999999,5.859999999999999,1.18,6.0,5.859999999999999,4.08,2.98,1.18,1.0
632,8.02,9.82,5.140000000000001,8.02,6.96,1.18,5.04,1.18,2.98,1.0
633,9.82,5.140000000000001,9.82,5.140000000000001,3.12,9.1,6.96,5.140000000000001,4.0600000000000005,1.0
634,2.98,9.82,2.98,8.02,3.12,1.18,8.879999999999999,2.98,2.98,1.0
635,5.140000000000001,9.82,5.140000000000001,4.0600000000000005,3.12,9.82,6.96,6.9399999999999995,1.18,1.0
636,2.98,4.0600000000000005,9.82,2.98,6.0,4.0600000000000005,5.04,2.98,2.98,1.0
637,5.140000000000001,2.98,9.82,9.1,6.0,9.82,5.04,2.98,2.98,1.0
638,5.859999999999999,2.98,9.82,8.02,2.16,9.82,6.96,9.1,1.9,1.0
639,5.140000000000001,1.18,4.0600000000000005,8.02,9.84,9.82,2.16,1.18,2.98,1.0
640,9.82,2.98,4.0600000000000005,2.98,2.16,9.1,6.96,9.82,4.0600000000000005,1.0
641,5.140000000000001,8.02,6.9399999999999995,5.859999999999999,5.04,5.140000000000001,4.08,9.82,1.9,1.0
642,5.140000000000001,2.98,9.82,4.0600000000000005,6.0,5.140000000000001,7.92,8.02,1.18,1.0
643,8.02,4.0600000000000005,5.859999999999999,1.18,7.92,9.82,3.12,6.9399999999999995,1.18,1.0
644,4.0600000000000005,9.82,6.9399999999999995,9.82,6.0,9.82,6.96,9.82,1.18,1.0
645,9.82,1.9,4.0600000000000005,1.18,6.96,9.82,5.04,1.9,1.18,1.0
646,2.98,9.82,8.02,9.82,4.08,9.82,6.96,1.18,1.18,1.0
647,9.82,4.0600000000000005,4.0600000000000005,4.0600000000000005,7.92,9.82,3.12,2.98,1.18,1.0
648,9.82,2.98,5.140000000000001,1.9,2.16,8.02,6.96,9.82,1.18,1.0
649,5.140000000000001,8.02,5.859999999999999,5.140000000000001,9.84,1.18,6.96,1.18,1.18,1.0
650,1.18,6.9399999999999995,5.859999999999999,9.82,5.04,9.82,6.96,6.9399999999999995,4.0600000000000005,1.0
651,9.82,9.82,4.0600000000000005,8.02,7.92,9.82,6.96,9.82,9.82,1.0
652,9.1,8.02,2.98,9.1,4.08,2.98,6.96,9.82,1.18,1.0
653,9.1,9.82,6.9399999999999995,6.9399999999999995,6.0,9.82,7.92,5.859999999999999,9.82,1.0
654,9.82,4.0600000000000005,5.140000000000001,8.02,5.04,2.98,4.08,1.18,1.18,1.0
655,2.98,2.98,6.9399999999999995,9.82,6.0,9.1,7.92,9.82,1.18,1.0
656,5.140000000000001,9.1,2.98,2.98,2.16,1.9,6.0,6.9399999999999995,1.18,1.0
657,4.0600000000000005,9.82,5.859999999999999,5.140000000000001,2.16,8.02,3.12,1.18,1.18,1.0
658,9.82,9.82,5.859999999999999,1.9,3.12,9.82,3.12,1.18,2.98,1.0
659,8.02,5.140000000000001,2.98,9.82,3.12,5.859999999999999,4.08,9.82,2.98,1.0
660,5.140000000000001,5.140000000000001,5.140000000000001,9.82,7.92,9.82,6.96,8.02,1.18,1.0
661,2.98,9.82,2.98,1.18,3.12,9.82,6.96,9.82,1.18,1.0
662,5.140000000000001,4.0600000000000005,2.98,8.02,9.84,9.82,6.96,9.82,1.18,1.0
663,5.140000000000001,9.82,9.82,9.82,4.08,4.0600000000000005,6.0,6.9399999999999995,1.18,1.0
664,9.1,9.82,5.140000000000001,1.9,3.12,6.9399999999999995,5.04,5.859999999999999,1.18,1.0
665,8.02,5.140000000000001,9.82,5.859999999999999,6.96,2.98,3.12,5.140000000000001,1.18,1.0
666,9.82,9.1,4.0600000000000005,9.82,6.0,9.82,4.08,4.0600000000000005,4.0600000000000005,1.0
667,6.9399999999999995,9.82,6.9399999999999995,1.18,5.04,9.82,5.04,5.140000000000001,8.02,1.0
668,4.0600000000000005,2.98,8.02,8.02,5.04,9.82,3.12,9.82,1.18,1.0
669,9.1,9.82,6.9399999999999995,2.98,6.0,9.82,4.08,6.9399999999999995,8.02,1.0
670,9.1,5.859999999999999,5.859999999999999,9.82,3.12,9.1,6.96,9.82,1.18,1.0
671,8.02,9.82,5.140000000000001,9.82,9.84,9.82,6.96,5.140000000000001,1.18,1.0
672,9.82,4.0600000000000005,5.140000000000001,9.82,9.84,1.18,9.84,6.9399999999999995,1.18,1.0
673,6.9399999999999995,9.82,9.82,5.140000000000001,6.0,9.82,9.84,8.02,1.9,1.0
674,6.9399999999999995,5.140000000000001,9.82,9.82,3.12,1.9,6.96,6.9399999999999995,9.82,1.0
675,5.859999999999999,1.18,9.82,9.82,6.0,9.82,5.04,9.1,1.9,1.0
676,1.9,9.82,2.98,2.98,2.16,9.82,6.96,2.98,1.18,1.0
677,4.0600000000000005,2.98,8.02,9.82,2.16,9.82,6.96,5.859999999999999,1.9,1.0
678,1.9,4.0600000000000005,9.82,1.18,3.12,1.18,3.12,1.18,1.18,1.0
679,8.02,9.82,4.0600000000000005,5.859999999999999,5.04,5.140000000000001,5.04,4.0600000000000005,6.9399999999999995,1.0
680,5.140000000000001,9.82,2.98,2.98,7.92,4.0600000000000005,7.92,5.859999999999999,1.18,1.0
681,6.9399999999999995,6.9399999999999995,8.02,1.18,6.0,5.859999999999999,5.04,8.02,1.18,1.0
682,9.82,6.9399999999999995,6.9399999999999995,1.18,6.0,1.18,6.96,9.82,1.9,1.0
683,5.140000000000001,5.140000000000001,9.82,8.02,4.08,9.82,6.96,6.9399999999999995,1.9,1.0
684,5.859999999999999,4.0600000000000005,2.98,2.98,4.08,9.82,3.12,9.1,1.18,1.0
685,9.1,4.0600000000000005,9.1,8.02,4.08,5.140000000000001,4.08,5.859999999999999,2.98,1.0
686,5.140000000000001,8.02,4.0600000000000005,1.18,9.84,6.9399999999999995,4.08,8.02,1.18,1.0
687,2.98,9.1,4.0600000000000005,2.98,2.16,8.02,3.12,1.18,2.98,1.0
688,5.140000000000001,9.82,4.0600000000000005,5.140000000000001,7.92,9.82,3.12,2.98,4.0600000000000005,1.0
689,5.140000000000001,9.82,9.82,8.02,5.04,9.1,7.92,4.0600000000000005,4.0600000000000005,1.0
690,9.82,2.98,6.9399999999999995,2.98,4.08,9.82,4.08,5.140000000000001,1.18,1.0
691,9.82,5.859999999999999,5.859999999999999,5.859999999999999,6.0,8.02,6.0,1.18,1.18,1.0
692,8.02,1.9,5.140000000000001,9.82,5.04,9.82,4.08,1.18,1.18,1.0
693,9.82,5.859999999999999,9.82,5.859999999999999,7.92,9.82,9.84,2.98,2.98,1.0
694,9.82,5.140000000000001,5.140000000000001,2.98,9.84,2.98,4.08,9.82,1.18,1.0
695,5.140000000000001,9.82,9.82,1.18,4.08,9.82,5.04,4.0600000000000005,1.18,1.0
696,9.82,5.140000000000001,5.859999999999999,9.82,4.08,1.9,7.92,5.859999999999999,1.18,1.0
697,8.02,2.98,5.140000000000001,1.18,5.04,9.82,7.92,2.98,1.18,1.0
698,9.82,2.98,5.859999999999999,9.82,9.84,6.9399999999999995,3.12,6.9399999999999995,1.9,1.0
699,9.82,9.82,5.140000000000001,5.140000000000001,3.12,9.82,7.92,2.98,1.18,1.0
700,5.140000000000001,6.9399999999999995,8.02,9.82,6.0,9.82,5.04,2.98,2.98,1.0
701,4.0600000000000005,2.98,5.859999999999999,8.02,6.0,9.82,5.04,5.859999999999999,1.18,1.0
702,5.140000000000001,2.98,4.0600000000000005,9.82,6.0,9.82,3.12,1.18,1.18,1.0
703,5.859999999999999,8.02,9.82,4.0600000000000005,3.12,5.140000000000001,3.12,1.18,1.18,1.0
704,9.82,2.98,5.140000000000001,8.02,6.0,1.18,6.96,2.98,1.18,1.0
705,9.82,9.82,5.859999999999999,4.0600000000000005,9.84,6.9399999999999995,6.0,1.18,1.18,1.0
706,1.18,8.02,9.82,5.140000000000001,3.12,2.98,5.04,1.18,2.98,1.0
707,6.9399999999999995,2.98,6.9399999999999995,5.859999999999999,3.12,9.82,6.96,4.0600000000000005,1.18,1.0
708,5.859999999999999,2.98,2.98,9.82,9.84,5.859999999999999,6.96,9.82,4.0600000000000005,1.0
709,5.140000000000001,9.82,9.82,9.82,3.12,9.82,3.12,6.9399999999999995,1.18,1.0
710,4.0600000000000005,5.140000000000001,6.9399999999999995,8.02,7.92,9.82,6.96,5.859999999999999,1.18,1.0
711,5.140000000000001,5.140000000000001,5.140000000000001,4.0600000000000005,5.04,9.82,3.12,2.98,2.98,1.0
712,9.82,9.82,2.98,4.0600000000000005,3.12,1.9,6.96,9.82,1.18,1.0
713,5.140000000000001,9.82,9.1,8.02,7.92,9.82,6.96,4.0600000000000005,1.18,1.0
714,6.9399999999999995,9.82,6.9399999999999995,2.98,4.08,9.82,9.84,1.18,1.18,1.0
715,9.1,9.1,5.859999999999999,1.18,5.04,8.02,3.12,6.9399999999999995,1.18,1.0
716,5.140000000000001,5.140000000000001,9.82,4.0600000000000005,4.08,9.82,3.12,1.18,4.0600000000000005,1.0
717,9.82,2.98,8.02,2.98,5.04,9.82,4.08,4.0600000000000005,1.18,1.0
718,9.82,9.82,2.98,2.98,3.12,2.98,4.08,5.859999999999999,2.98,1.0
719,5.140000000000001,5.859999999999999,5.140000000000001,2.98,4.08,9.1,4.08,9.82,6.9399999999999995,1.0
720,6.9399999999999995,5.140000000000001,4.0600000000000005,1.18,9.84,6.9399999999999995,8.879999999999999,5.859999999999999,1.18,1.0
721,5.140000000000001,9.82,8.02,1.18,3.12,2.98,4.08,9.1,8.02,1.0
722,5.140000000000001,2.98,1.9,9.82,6.0,6.9399999999999995,4.08,9.82,1.18,1.0
723,1.9,5.859999999999999,6.9399999999999995,4.0600000000000005,4.08,1.18,6.96,1.18,9.82,1.0
724,8.02,1.18,8.02,4.0600000000000005,6.96,1.18,5.04,2.98,1.18,1.0
725,6.9399999999999995,5.859999999999999,9.82,6.9399999999999995,3.12,1.9,6.96,4.0600000000000005,2.98,1.0
726,2.98,1.9,5.140000000000001,1.9,9.84,9.82,3.12,5.140000000000001,1.18,1.0
727,5.140000000000001,2.98,9.82,9.82,4.08,9.82,5.04,5.140000000000001,1.18,1.0
728,9.82,2.98,2.98,8.02,3.12,9.82,3.12,9.82,1.9,1.0
729,5.140000000000001,6.9399999999999995,9.82,1.18,2.16,8.02,3.12,9.1,2.98,1.0
730,5.140000000000001,9.1,2.98,4.0600000000000005,3.12,5.140000000000001,8.879999999999999,6.9399999999999995,1.18,1.0
731,6.9399999999999995,6.9399999999999995,5.140000000000001,9.82,5.04,9.1,3.12,2.98,1.18,1.0
732,9.82,9.82,9.1,9.82,4.08,8.02,6.96,9.82,2.98,1.0
733,5.140000000000001,5.140000000000001,2.98,5.140000000000001,7.92,1.9,5.04,9.82,1.9,1.0
734,8.02,4.0600000000000005,4.0600000000000005,5.859999999999999,4.08,9.82,4.08,9.82,9.82,1.0
735,9.82,9.82,8.02,1.9,3.12,2.98,8.879999999999999,1.18,2.98,1.0
736,5.140000000000001,4.0600000000000005,8.02,9.82,5.04,9.82,2.16,8.02,9.82,1.0
737,9.1,9.82,6.9399999999999995,2.98,6.0,9.82,6.96,1.18,2.98,1.0
738,5.140000000000001,1.18,6.9399999999999995,9.82,3.12,2.98,9.84,2.98,1.18,1.0
739,8.02,9.82,5.859999999999999,6.9399999999999995,3.12,1.18,6.96,1.18,1.18,1.0
740,8.02,1.9,4.0600000000000005,5.859999999999999,2.16,9.82,9.84,6.9399999999999995,2.98,1.0
741,8.02,9.82,5.140000000000001,5.140000000000001,6.0,8.02,3.12,9.1,1.9,1.0
742,2.98,5.859999999999999,4.0600000000000005,2.98,6.0,1.18,5.04,1.18,1.18,1.0
743,9.82,9.82,9.82,1.9,5.04,9.82,4.08,4.0600000000000005,1.18,1.0
744,5.140000000000001,2.98,6.9399999999999995,1.9,7.92,1.18,6.96,5.140000000000001,9.82,1.0
745,5.140000000000001,5.859999999999999,5.140000000000001,1.9,6.96,9.82,9.84,4.0600000000000005,1.18,1.0
746,2.98,9.82,5.859999999999999,8.02,5.04,9.82,4.08,1.18,1.18,1.0
747,8.02,5.859999999999999,9.82,4.0600000000000005,7.92,4.0600000000000005,6.96,5.140000000000001,1.18,1.0
748,8.02,6.9399999999999995,2.98,1.18,3.12,2.98,3.12,9.1,1.18,1.0
749,1.9,8.02,6.9399999999999995,9.82,3.12,1.9,6.96,1.18,1.18,1.0
750,6.9399999999999995,5.140000000000001,5.859999999999999,9.82,4.08,5.140000000000001,5.04,1.18,1.18,1.0
751,5.140000000000001,6.9399999999999995,6.9399999999999995,9.82,2.16,1.9,9.84,4.0600000000000005,1.18,1.0
752,8.02,6.9399999999999995,1.9,9.82,5.04,9.82,6.96,9.82,2.98,1.0
753,5.140000000000001,9.82,9.82,1.9,9.84,1.18,4.08,8.02,1.18,1.0
754,8.02,1.9,9.82,4.0600000000000005,2.16,9.1,3.12,8.02,4.0600000000000005,1.0
755,5.859999999999999,4.0600000000000005,6.9399999999999995,8.02,3.12,9.82,3.12,4.0600000000000005,4.0600000000000005,1.0
756,9.82,9.82,6.9399999999999995,8.02,4.08,9.82,4.08,6.9399999999999995,1.18,1.0
757,4.0600000000000005,9.82,9.82,1.9,9.84,9.82,4.08,1.18,1.9,1.0
758,5.140000000000001,5.140000000000001,6.9399999999999995,9.1,4.08,5.140000000000001,7.92,8.02,1.18,1.0
759,4.0600000000000005,6.9399999999999995,2.98,2.98,5.04,9.82,6.96,9.82,6.9399999999999995,1.0
760,9.82,4.0600000000000005,6.9399999999999995,1.9,2.16,9.1,6.0,6.9399999999999995,1.18,1.0
761,9.82,2.98,6.9399999999999995,5.140000000000001,3.12,8.02,3.12,9.82,2.98,1.0
762,5.140000000000001,5.859999999999999,5.859999999999999,5.859999999999999,9.84,1.9,7.92,9.1,1.9,1.0
763,8.02,5.140000000000001,8.02,5.859999999999999,9.84,9.82,6.96,1.18,1.18,1.0
764,9.82,6.9399999999999995,9.82,1.18,2.16,8.02,3.12,9.82,1.18,1.0
765,8.02,2.98,9.82,9.82,9.84,2.98,6.96,1.18,1.9,1.0
766,6.9399999999999995,9.82,5.859999999999999,2.98,6.0,6.9399999999999995,6.96,5.859999999999999,2.98,1.0
767,5.140000000000001,9.82,2.98,1.18,7.92,8.02,3.12,1.18,1.18,1.0
768,2.98,8.02,9.82,9.82,4.08,9.82,5.04,1.18,1.9,1.0
769,9.82,5.859999999999999,9.82,9.82,5.04,9.82,5.04,5.140000000000001,1.18,1.0
770,9.82,4.0600000000000005,2.98,9.82,5.04,9.82,3.12,2.98,2.98,1.0
771,8.02,9.82,9.82,9.1,6.0,1.18,9.84,5.859999999999999,1.18,1.0
772,5.140000000000001,8.02,9.82,6.9399999999999995,3.12,8.02,7.92,6.9399999999999995,6.9399999999999995,1.0
773,5.140000000000001,2.98,5.859999999999999,5.140000000000001,2.16,8.02,6.96,1.18,1.18,1.0
774,9.1,9.82,6.9399999999999995,1.18,4.08,1.18,5.04,1.18,1.18,1.0
775,9.82,9.82,5.140000000000001,4.0600000000000005,6.0,4.0600000000000005,5.04,5.859999999999999,1.18,1.0
776,9.82,9.82,2.98,4.0600000000000005,3.12,9.82,6.96,4.0600000000000005,1.18,1.0
777,9.82,8.02,5.140000000000001,2.98,6.0,1.9,6.96,9.1,1.18,1.0
778,8.02,6.9399999999999995,9.82,8.02,9.84,9.1,3.12,8.02,1.18,1.0
779,2.98,5.140000000000001,1.18,5.140000000000001,2.16,2.98,6.0,9.82,4.0600000000000005,1.0
780,5.140000000000001,9.82,5.140000000000001,1.18,6.0,1.18,7.92,9.1,1.18,1.0
781,9.82,9.82,5.140000000000001,1.9,4.08,4.0600000000000005,5.04,5.140000000000001,1.18,1.0
782,8.02,1.9,5.859999999999999,6.9399999999999995,7.92,9.82,3.12,8.02,1.18,1.0
783,1.18,1.9,9.82,1.18,3.12,9.82,6.96,2.98,1.18,1.0
784,4.0600000000000005,5.140000000000001,5.140000000000001,9.82,6.0,9.82,3.12,2.98,1.18,1.0
785,8.02,9.82,5.140000000000001,5.140000000000001,7.92,8.02,4.08,9.82,1.18,1.0
786,1.18,9.82,8.02,5.140000000000001,9.84,1.9,3.12,5.140000000000001,1.18,1.0
787,5.140000000000001,2.98,5.859999999999999,5.859999999999999,6.0,9.82,4.08,9.82,1.18,1.0
788,8.02,6.9399999999999995,4.0600000000000005,9.1,5.04,8.02,6.96,9.82,1.18,1.0
789,8.02,5.140000000000001,5.859999999999999,4.0600000000000005,5.04,9.82,6.0,9.82,1.9,1.0
790,8.02,9.82,2.98,6.9399999999999995,7.92,1.9,4.08,9.82,1.18,1.0
791,5.140000000000001,9.82,4.0600000000000005,5.859999999999999,5.04,8.02,8.879999999999999,5.140000000000001,1.18,1.0
792,9.1,9.82,5.859999999999999,2.98,2.16,2.98,8.879999999999999,4.0600000000000005,9.82,1.0
793,5.140000000000001,5.859999999999999,5.859999999999999,9.82,9.84,5.140000000000001,7.92,6.9399999999999995,1.18,1.0
794,5.140000000000001,5.140000000000001,9.82,8.02,6.0,9.82,4.08,4.0600000000000005,2.98,1.0
795,9.1,4.0600000000000005,5.140000000000001,6.9399999999999995,6.0,8.02,5.04,6.9399999999999995,1.18,1.0
796,8.02,1.9,6.9399999999999995,9.82,3.12,6.9399999999999995,9.84,9.1,2.98,1.0
797,9.82,9.82,6.9399999999999995,9.82,6.0,6.9399999999999995,6.96,9.1,2.98,1.0
798,8.02,9.82,1.9,8.02,4.08,8.02,3.12,4.0600000000000005,1.18,1.0
799,8.02,9.82,6.9399999999999995,9.82,6.0,9.82,3.12,1.9,9.82,1.0
800,2.98,9.82,4.0600000000000005,8.02,3.12,9.82,5.04,5.140000000000001,1.18,1.0
801,5.140000000000001,5.859999999999999,9.82,6.9399999999999995,6.0,9.82,8.879999999999999,1.18,1.18,1.0
802,5.140000000000001,9.82,2.98,5.859999999999999,9.84,9.82,6.96,9.82,2.98,1.0
803,5.140000000000001,9.82,5.140000000000001,8.02,2.16,5.140000000000001,6.0,4.0600000000000005,4.0600000000000005,1.0
804,9.82,9.82,2.98,1.9,9.84,9.82,3.12,1.18,1.18,1.0
805,5.859999999999999,4.0600000000000005,9.82,9.82,4.08,8.02,6.96,1.18,1.18,1.0
806,9.82,5.140000000000001,5.859999999999999,9.82,7.92,4.0600000000000005,7.92,8.02,1.18,1.0
807,8.02,2.98,6.9399999999999995,1.18,6.96,9.82,5.04,8.02,1.18,1.0
808,9.82,9.82,2.98,9.1,5.04,1.18,6.96,4.0600000000000005,2.98,1.0
809,6.9399999999999995,6.9399999999999995,8.02,1.18,6.0,9.82,9.84,1.18,1.18,1.0
810,8.02,4.0600000000000005,4.0600000000000005,2.98,7.92,8.02,4.08,4.0600000000000005,1.18,1.0
811,6.9399999999999995,8.02,9.82,8.02,4.08,9.82,6.0,2.98,1.18,1.0
812,5.140000000000001,6.9399999999999995,4.0600000000000005,1.9,4.08,9.82,4.08,8.02,1.18,1.0
813,9.1,5.140000000000001,4.0600000000000005,9.1,6.0,9.82,7.92,6.9399999999999995,1.18,1.0
814,5.140000000000001,2.98,1.9,9.82,7.92,9.82,6.96,4.0600000000000005,1.9,1.0
815,1.9,8.02,5.859999999999999,5.140000000000001,6.96,9.82,6.96,2.98,9.82,1.0
816,8.02,5.859999999999999,6.9399999999999995,1.18,6.96,1.18,7.92,9.82,4.0600000000000005,1.0
817,5.140000000000001,9.82,2.98,2.98,4.08,9.1,5.04,5.140000000000001,1.18,1.0
818,9.82,5.859999999999999,8.02,5.859999999999999,7.92,2.98,8.879999999999999,9.1,6.9399999999999995,1.0
819,9.82,9.82,5.859999999999999,9.82,3.12,9.82,6.96,1.18,2.98,1.0
820,9.82,5.859999999999999,5.859999999999999,5.859999999999999,5.04,9.1,3.12,5.859999999999999,2.98,1.0
821,5.140000000000001,5.859999999999999,5.859999999999999,2.98,2.16,9.82,6.96,1.18,1.18,1.0
822,1.9,9.82,5.140000000000001,5.859999999999999,4.08,1.18,7.92,5.859999999999999,1.18,1.0
823,9.82,5.140000000000001,5.859999999999999,5.140000000000001,4.08,1.18,4.08,9.82,1.18,1.0
824,5.859999999999999,2.98,2.98,8.02,4.08,9.82,7.92,4.0600000000000005,1.18,1.0
825,9.82,1.9,4.0600000000000005,1.18,6.0,1.18,8.879999999999999,1.18,1.18,1.0
826,9.82,9.82,9.82,8.02,4.08,1.18,4.08,1.18,1.18,1.0
827,9.82,6.9399999999999995,9.82,5.140000000000001,4.08,1.18,9.84,4.0600000000000005,1.18,1.0
828,5.140000000000001,8.02,5.140000000000001,9.82,3.12,9.82,3.12,1.9,2.98,1.0
829,5.859999999999999,4.0600000000000005,4.0600000000000005,2.98,4.08,9.82,4.08,1.18,1.18,1.0
830,9.82,2.98,6.9399999999999995,5.859999999999999,3.12,5.859999999999999,3.12,9.1,1.18,1.0
831,5.140000000000001,1.18,5.140000000000001,9.82,2.16,5.140000000000001,8.879999999999999,5.140000000000001,9.82,1.0
832,5.140000000000001,5.140000000000001,1.9,1.18,5.04,5.859999999999999,6.96,2.98,9.82,1.0
833,8.02,6.9399999999999995,2.98,9.82,6.0,9.82,3.12,9.82,2.98,1.0
834,9.82,5.140000000000001,8.02,8.02,6.0,9.82,5.04,1.18,9.82,1.0
835,8.02,5.140000000000001,6.9399999999999995,1.18,5.04,2.98,6.96,9.82,1.18,1.0
836,8.02,9.82,1.9,2.98,4.08,2.98,3.12,4.0600000000000005,9.82,1.0
837,4.0600000000000005,5.140000000000001,4.0600000000000005,8.02,7.92,1.9,8.879999999999999,9.82,1.18,1.0
838,8.02,5.859999999999999,4.0600000000000005,1.18,5.04,9.82,7.92,6.9399999999999995,1.18,1.0
839,9.82,9.82,6.9399999999999995,5.859999999999999,5.04,9.82,6.0,9.82,1.18,1.0
840,4.0600000000000005,5.140000000000001,1.9,4.0600000000000005,2.16,4.0600000000000005,9.84,9.82,1.18,1.0
841,6.9399999999999995,6.9399999999999995,2.98,5.859999999999999,4.08,1.18,5.04,2.98,1.18,1.0
842,9.82,9.82,9.82,1.18,4.08,1.18,9.84,9.82,1.9,1.0
843,9.1,9.82,4.0600000000000005,9.82,4.08,9.82,6.96,4.0600000000000005,2.98,1.0
844,8.02,2.98,6.9399999999999995,9.82,5.04,5.140000000000001,6.96,4.0600000000000005,1.9,1.0
845,9.1,9.82,4.0600000000000005,9.82,5.04,9.82,3.12,4.0600000000000005,1.18,1.0
846,5.140000000000001,5.859999999999999,2.98,8.02,5.04,9.82,8.879999999999999,5.859999999999999,4.0600000000000005,1.0
847,5.140000000000001,4.0600000000000005,4.0600000000000005,1.18,6.96,6.9399999999999995,5.04,1.18,1.9,1.0
848,9.82,5.140000000000001,8.02,8.02,7.92,2.98,3.12,5.859999999999999,1.18,1.0
849,9.82,9.82,9.82,1.18,6.0,1.9,2.16,5.859999999999999,2.98,1.0
850,9.82,5.859999999999999,9.82,1.18,9.84,9.82,6.96,9.82,1.18,1.0
851,9.82,4.0600000000000005,5.140000000000001,2.98,2.16,9.82,6.0,9.82,1.18,1.0
852,6.9399999999999995,6.9399999999999995,6.9399999999999995,5.140000000000001,3.12,9.82,6.96,5.140000000000001,8.02,1.0
853,6.9399999999999995,4.0600000000000005,4.0600000000000005,8.02,2.16,9.1,8.879999999999999,2.98,1.18,1.0
854,9.82,2.98,5.140000000000001,6.9399999999999995,6.0,1.18,3.12,2.98,1.18,1.0
855,8.02,2.98,9.82,4.0600000000000005,9.84,9.82,6.96,2.98,6.9399999999999995,1.0
856,9.1,2.98,1.9,2.98,3.12,9.82,3.12,1.18,2.98,1.0
857,9.82,2.98,2.98,9.82,9.84,5.140000000000001,7.92,4.0600000000000005,1.18,1.0
858,9.82,2.98,4.0600000000000005,4.0600000000000005,2.16,9.82,7.92,2.98,1.18,1.0
859,5.140000000000001,6.9399999999999995,1.9,4.0600000000000005,9.84,9.82,6.96,9.82,1.18,1.0
860,5.859999999999999,2.98,4.0600000000000005,1.9,4.08,9.82,6.96,5.859999999999999,1.9,1.0
861,2.98,5.140000000000001,6.9399999999999995,8.02,2.16,9.82,4.08,4.0600000000000005,1.18,1.0
862,8.02,9.82,5.859999999999999,8.02,5.04,9.82,5.04,6.9399999999999995,1.18,1.0
863,1.9,5.859999999999999,9.82,1.9,3.12,9.82,7.92,1.18,9.82,1.0
864,6.9399999999999995,8.02,9.82,1.18,4.08,1.9,5.04,5.140000000000001,1.18,1.0
865,8.02,2.98,5.140000000000001,6.9399999999999995,4.08,5.140000000000001,4.08,8.02,1.18,1.0
866,5.140000000000001,2.98,4.0600000000000005,6.9399999999999995,6.96,9.82,6.0,5.859999999999999,1.18,1.0
867,8.02,1.9,5.140000000000001,2.98,5.04,4.0600000000000005,7.92,4.0600000000000005,2.98,1.0
868,1.9,2.98,6.9399999999999995,9.82,4.08,6.9399999999999995,4.08,9.82,1.18,1.0
869,2.98,4.0600000000000005,4.0600000000000005,1.9,5.04,8.02,3.12,9.82,1.18,1.0
870,9.82,2.98,6.9399999999999995,4.0600000000000005,6.0,8.02,6.96,8.02,4.0600000000000005,1.0
871,5.140000000000001,2.98,5.140000000000001,9.82,4.08,9.82,7.92,6.9399999999999995,1.18,1.0
872,4.0600000000000005,2.98,5.859999999999999,4.0600000000000005,4.08,9.82,3.12,8.02,1.18,1.0
873,6.9399999999999995,5.140000000000001,5.859999999999999,5.859999999999999,3.12,4.0600000000000005,4.08,2.98,1.18,1.0
874,9.82,4.0600000000000005,5.140000000000001,4.0600000000000005,3.12,1.9,3.12,4.0600000000000005,1.18,1.0
875,5.140000000000001,5.140000000000001,9.82,2.98,6.0,2.98,4.08,1.18,1.18,1.0
876,8.02,5.859999999999999,8.02,9.82,3.12,9.82,5.04,5.140000000000001,1.18,1.0
877,2.98,8.02,2.98,4.0600000000000005,5.04,9.82,6.96,5.859999999999999,1.18,1.0
878,2.98,1.9,9.82,9.82,6.0,5.140000000000001,6.96,2.98,1.18,1.0
879,8.02,9.82,5.859999999999999,2.98,3.12,9.82,6.96,9.82,4.0600000000000005,1.0
880,8.02,6.9399999999999995,9.82,1.9,5.04,9.82,4.08,9.82,9.82,1.0
881,8.02,2.98,9.82,1.18,3.12,9.82,7.92,9.1,2.98,1.0
882,9.1,9.82,5.859999999999999,6.9399999999999995,9.84,9.82,5.04,5.859999999999999,5.140000000000001,1.0
883,9.82,9.82,1.9,4.0600000000000005,5.04,4.0600000000000005,9.84,9.82,1.18,1.0
884,6.9399999999999995,2.98,4.0600000000000005,9.82,7.92,9.82,6.96,1.18,9.82,1.0
885,5.140000000000001,4.0600000000000005,5.859999999999999,5.140000000000001,5.04,8.02,3.12,9.82,1.18,1.0
886,9.82,9.82,6.9399999999999995,9.82,2.16,9.82,6.96,1.18,9.82,1.0
887,5.140000000000001,9.1,4.0600000000000005,1.9,6.0,9.82,4.08,9.82,9.82,1.0
